{"train/loss_mal_dn_0":1.2270899415016174,"train/loss_giou_dn_5":0.9695701897144318,"train/loss_bbox_aux_4":0.575472354888916,"train/loss_ddf_dn_3":0.00262478762306273,"train/loss_giou_dn_pre":1.119107186794281,"train/loss_giou_dn_3":0.9660250246524811,"train/loss_bbox_aux_1":0.5833471417427063,"train/loss_mal_aux_0":2.2051082849502563,"train/loss_bbox_enc_0":0.5696905255317688,"train/loss_giou_dn_1":1.0061194896697998,"train/loss_giou_dn_4":0.9695664048194885,"train/loss_mal_aux_4":2.554343104362488,"train/loss_ddf_dn_0":0.42349815368652344,"train/loss_bbox_dn_0":0.7742070406675339,"train/loss_ddf_dn_1":0.08985025435686111,"train/loss_mal_aux_2":2.5697510838508606,"train/loss_bbox_dn_4":0.6184676289558411,"train/loss_giou_pre":1.4027669429779053,"train/loss_ddf_aux_4":4.1112393489584065e-08,"train/loss_ddf_aux_2":0.0017714000132400542,"_runtime":2505,"train/loss_fgl_aux_0":0.7374932169914246,"train/loss_ddf_aux_0":0.034327552653849125,"train/loss_bbox_dn_1":0.6731916517019272,"train/loss":67.88119506835938,"train/loss_fgl_dn_0":0.9636094868183136,"_timestamp":1.7605501747403862e+09,"train/loss_giou_aux_4":1.3932647705078125,"train/loss_bbox":0.5754730403423309,"train/loss_mal_aux_3":2.5263049602508545,"train/loss_mal_pre":2.198848783969879,"train/loss_bbox_dn_3":0.6067386716604233,"train/loss_mal_dn_3":1.6885619163513184,"train/loss_mal_dn_1":1.3545164465904236,"train/loss_giou_dn_2":0.9764816761016846,"train/loss_fgl_aux_3":0.7011021077632904,"train/loss_ddf_dn_2":0.03015013597905636,"train/loss_fgl_aux_4":0.7076817154884338,"train/loss_bbox_dn_5":0.6184644550085068,"train/loss_fgl_dn_1":0.9459352195262909,"train/loss_ddf_dn_4":1.2354487211041487e-07,"train/loss_fgl_aux_1":0.7076692581176758,"_wandb":{"runtime":2505},"train/loss_mal_dn_pre":1.2277955412864685,"train/loss_bbox_dn_2":0.6104104965925217,"train/loss_giou_aux_1":1.3817257583141327,"train/loss_fgl_dn_4":0.9420985281467438,"val/coco_eval_bbox":0.011276613080363611,"train/loss_giou_aux_0":1.4182288646697998,"lr":4.4850125e-07,"train/loss_bbox_aux_0":0.5893291532993317,"train/loss_fgl_dn_3":0.9420837759971619,"_step":599,"train/loss_mal_enc_0":1.872263789176941,"train/loss_giou":1.3932493329048157,"train/loss_mal_dn_5":1.800074577331543,"train/loss_giou_aux_3":1.397281289100647,"train/loss_bbox_aux_2":0.5600585043430328,"train/loss_mal_dn_2":1.579868733882904,"train/loss_giou_enc_0":1.4385804533958435,"train/loss_fgl_aux_2":0.7173377275466919,"train/loss_mal_aux_1":2.535236120223999,"train/loss_fgl":0.7076800763607025,"train/loss_fgl_dn_5":0.9420966506004333,"train/loss_giou_dn_0":1.1224759817123413,"train/loss_giou_aux_2":1.387750267982483,"train/loss_mal":2.6651647090911865,"train/loss_mal_dn_4":1.7373034358024597,"train/loss_fgl_dn_2":0.941463440656662,"train/lr":4.47753125e-07,"train/loss_bbox_aux_3":0.5708410441875458,"epoch":299,"train/loss_ddf_aux_3":0.00045391653839033097,"train/loss_ddf_aux_1":0.011124322190880775,"train/loss_bbox_dn_pre":0.7480077147483826,"train/loss_bbox_pre":0.5730179846286774}