{"train/loss_bbox_dn_1":0.6699613332748413,"train/loss_mal_dn_4":1.4798575639724731,"train/loss_giou_aux_2":1.5253640413284302,"train/loss_bbox_aux_0":0.689955860376358,"train/loss":67.51211929321289,"train/loss_bbox_pre":0.6824063658714294,"train/loss_bbox_aux_3":0.6663631796836853,"val/coco_eval_bbox":0.004310197882797865,"train/loss_fgl_aux_3":0.6575490534305573,"train/loss_bbox_dn_2":0.7036946415901184,"_step":599,"train/loss_giou_aux_1":1.528022050857544,"train/loss_ddf_aux_1":0.007494364632293582,"train/loss_giou_aux_3":1.5247476696968079,"train/loss_giou_dn_2":1.0555986166000366,"train/loss_mal_aux_1":2.3179208636283875,"train/loss_giou_dn_4":1.0423177480697632,"train/loss_giou_dn_1":1.0529850125312805,"train/loss_fgl":0.6583507359027863,"train/loss_mal":2.3536224365234375,"train/loss_fgl_dn_0":0.9274703860282898,"train/loss_ddf_dn_3":0.002068375120870769,"train/loss_giou_dn_pre":1.138245165348053,"train/loss_bbox_aux_1":0.6687710285186768,"train/loss_mal_dn_3":1.4630308747291565,"train/loss_bbox_dn_0":0.6996142119169235,"train/loss_bbox_enc_0":0.7075549960136414,"train/lr":4.47753125e-07,"lr":4.4850125e-07,"train/loss_mal_dn_pre":1.130567491054535,"train/loss_giou_pre":1.5413898825645447,"train/loss_fgl_dn_4":0.9141463339328766,"_runtime":2550,"epoch":299,"train/loss_fgl_aux_0":0.679684042930603,"train/loss_fgl_dn_5":0.9141539931297302,"train/loss_mal_enc_0":2.049473464488983,"train/loss_ddf_aux_4":4.847999335311215e-08,"train/loss_mal_aux_0":2.285611391067505,"train/loss_mal_dn_1":1.1978608965873718,"train/loss_fgl_dn_3":0.9125606417655945,"train/loss_bbox_dn_pre":0.6839620172977448,"train/loss_bbox":0.6660633683204651,"train/loss_ddf_aux_2":0.0013585995766334236,"train/loss_ddf_dn_2":0.02349883411079645,"train/loss_giou_dn_3":1.0408954620361328,"train/loss_giou_aux_0":1.547958493232727,"train/loss_fgl_dn_2":0.8960089683532715,"train/loss_giou_dn_5":1.0423155426979065,"train/loss_ddf_dn_0":0.3797222077846527,"train/loss_giou_aux_4":1.5268609523773193,"train/loss_bbox_dn_3":0.6647109687328339,"train/loss_giou_dn_0":1.1378145813941956,"_timestamp":1.7605556028389957e+09,"train/loss_ddf_dn_4":9.751740037700074e-08,"train/loss_ddf_aux_0":0.03375122882425785,"train/loss_fgl_aux_4":0.6583362519741058,"train/loss_mal_aux_3":2.332753896713257,"train/loss_fgl_dn_1":0.9076634645462036,"train/loss_mal_dn_5":1.5529863238334656,"train/loss_fgl_aux_2":0.6606233716011047,"train/loss_bbox_aux_2":0.6667173206806183,"train/loss_fgl_aux_1":0.65842205286026,"train/loss_mal_pre":2.300258219242096,"train/loss_ddf_aux_3":0.0001163263077614829,"train/loss_mal_dn_2":1.3670663833618164,"train/loss_bbox_dn_5":0.6730731874704361,"train/loss_giou":1.5268552899360657,"train/loss_giou_enc_0":1.555114209651947,"train/loss_ddf_dn_1":0.08864697255194187,"train/loss_mal_aux_4":2.305527687072754,"train/loss_bbox_aux_4":0.6660652160644531,"_wandb":{"runtime":2550},"train/loss_bbox_dn_4":0.6730693727731705,"train/loss_mal_dn_0":1.1320544481277466,"train/loss_mal_aux_2":2.2934388518333435}