{"train/loss_bbox_pre":0.8193750083446503,"train/loss_mal_dn_pre":1.3613200783729553,"train/loss_mal_dn_5":1.835236370563507,"train/loss_mal_aux_0":2.221966326236725,"train/loss_bbox_dn_5":0.9699085652828217,"train/loss_bbox_dn_4":0.9699084460735321,"train/loss_mal_dn_2":1.6024591326713562,"train/loss_bbox_dn_0":1.192340761423111,"train/loss_bbox_dn_1":1.027148351073265,"train/loss_giou_dn_3":0.9522351324558258,"train/loss_bbox":0.7919498085975647,"train/loss_ddf_dn_0":0.6952042281627655,"lr":1.25e-13,"train/loss_ddf_dn_1":0.17385275661945343,"train/loss_giou_aux_1":1.6411516666412354,"train/loss_fgl":0.563206285238266,"train/loss_bbox_aux_3":0.7908974587917328,"train/loss_mal_aux_3":2.560113310813904,"train/loss":73.7076473236084,"train/loss_ddf_aux_0":0.03341681323945522,"train/loss_fgl_dn_3":0.841630607843399,"train/loss_fgl_aux_4":0.5632137656211853,"train/loss_mal_enc_0":2.026995062828064,"train/loss_giou_dn_2":1.0012242794036865,"train/loss_fgl_aux_1":0.5437042415142059,"_step":0,"epoch":0,"train/loss_ddf_dn_2":0.05737065803259611,"train/loss_bbox_aux_4":0.7919468879699707,"train/loss_mal_aux_2":2.3164875507354736,"train/loss_mal_dn_4":1.7778300642967224,"train/loss_giou_aux_4":1.6402084231376648,"train/loss_giou_dn_5":0.9531512260437012,"train/loss_fgl_dn_4":0.8417461812496185,"train/loss_giou_aux_3":1.640054166316986,"train/loss_ddf_aux_1":0.007081878138706088,"train/loss_mal_dn_3":1.6890783309936523,"train/loss_fgl_dn_0":0.8590010404586792,"train/loss_bbox_aux_1":0.7894066870212555,"_wandb":{"runtime":9},"train/loss_bbox_aux_2":0.7953331172466278,"train/loss_ddf_aux_2":0.0008369707502424717,"train/loss_bbox_enc_0":0.8785091936588287,"train/loss_mal_aux_4":2.5818207263946533,"train/loss_fgl_dn_2":0.8236399292945862,"train/loss_mal_pre":2.236162781715393,"train/loss_ddf_dn_3":0.005567174288444221,"train/loss_giou_dn_1":0.9965856373310089,"train/loss_giou_dn_0":1.1121450662612915,"train/loss_ddf_aux_4":4.8934969854030896e-08,"train/loss_giou_dn_4":0.9531504213809967,"train/loss_bbox_aux_0":0.8249707221984863,"train/loss_mal":2.5934122800827026,"train/loss_fgl_aux_2":0.5648804008960724,"train/loss_bbox_dn_2":1.0535629838705063,"train/loss_fgl_aux_0":0.6516248881816864,"train/loss_fgl_dn_5":0.841742992401123,"train/loss_giou_pre":1.6520098447799683,"train/lr":6.25e-14,"train/loss_mal_dn_1":1.4329432845115662,"train/loss_fgl_dn_1":0.8128286600112915,"train/loss_giou_aux_2":1.6390321850776672,"train/loss_mal_dn_0":1.3665900230407715,"_runtime":9,"train/loss_mal_aux_1":2.5638840198516846,"train/loss_bbox_dn_pre":1.1777192950248718,"train/loss_ddf_dn_4":1.4138828419163474e-07,"train/loss_giou":1.6402027010917664,"train/loss_giou_dn_pre":1.1138633489608765,"train/loss_giou_enc_0":1.6680642366409302,"train/loss_giou_aux_0":1.6574480533599854,"train/loss_bbox_dn_3":0.963933676481247,"_timestamp":1.7605563051747632e+09,"train/loss_ddf_aux_3":8.220127710956149e-05,"train/loss_fgl_aux_3":0.5632798671722412}